{"cameraMode":{"drawMode":0,"name":"Shaded","section":"Shading Mode"},"sceneLighting":true,"audioPlay":false,"sceneViewState":{"showFog":true,"showMaterialUpdate":false,"showSkybox":true,"showFlares":true,"showImageEffects":true,"showParticleSystems":true,"showVisualEffectGraphs":true,"m_FxEnabled":true},"in2DMode":false,"pivot":{"x":2.0525364875793459,"y":1.421705722808838,"z":15.54648208618164},"rotation":{"x":0.08718474954366684,"y":-0.023829294368624688,"z":0.0020910834427922966,"w":0.9960112571716309},"size":12.808623313903809,"orthographic":false}