{"cameraMode":{"drawMode":0,"name":"Shaded","section":"Shading Mode"},"sceneLighting":false,"audioPlay":false,"sceneViewState":{"showFog":true,"showMaterialUpdate":false,"showSkybox":false,"showFlares":true,"showImageEffects":true,"showParticleSystems":true,"showVisualEffectGraphs":true,"m_FxEnabled":true},"in2DMode":false,"pivot":{"x":0.7721457481384277,"y":0.7632966041564941,"z":12.207182884216309},"rotation":{"x":-0.02507184073328972,"y":0.9510032534599304,"z":-0.2976314127445221,"w":-0.08008064329624176},"size":1.2070074081420899,"orthographic":false}